annee,milieu,age,sexe,taux_chomage
2014,National,15 ans et plus,Feminin,10.4
2015,National,15 ans et plus,Feminin,10.5
2016,National,15 ans et plus,Feminin,10.9
2017,National,15 ans et plus,Feminin,14.7
2018,National,15 ans et plus,Feminin,14.1
2019,National,15 ans et plus,Feminin,13.5
2020,National,15 ans et plus,Feminin,16.2
2021,National,15 ans et plus,Feminin,16.8
2022,National,15 ans et plus,Feminin,17.2
2023,National,15 ans et plus,Feminin,18.3
2024,National,15 ans et plus,Feminin,19.4
2025,National,15 ans et plus,Feminin,20.5
2014,National,15 ans et plus,Masculin,9.7
2015,National,15 ans et plus,Masculin,9.4
2016,National,15 ans et plus,Masculin,8.9
2017,National,15 ans et plus,Masculin,8.8
2018,National,15 ans et plus,Masculin,8.1
2019,National,15 ans et plus,Masculin,7.8
2020,National,15 ans et plus,Masculin,10.7
2021,National,15 ans et plus,Masculin,10.9
2022,National,15 ans et plus,Masculin,10.3
2023,National,15 ans et plus,Masculin,11.5
2024,National,15 ans et plus,Masculin,11.6
2025,National,15 ans et plus,Masculin,10.8
2014,National,15 ans et plus,Total,9.9
2015,National,15 ans et plus,Total,9.7
2016,National,15 ans et plus,Total,9.4
2017,National,15 ans et plus,Total,10.2
2018,National,15 ans et plus,Total,9.5
2019,National,15 ans et plus,Total,9.2
2020,National,15 ans et plus,Total,11.9
2021,National,15 ans et plus,Total,12.3
2022,National,15 ans et plus,Total,11.8
2023,National,15 ans et plus,Total,13.0
2024,National,15 ans et plus,Total,13.3
2025,National,15 ans et plus,Total,13.0
2014,National,15-24 ans,Feminin,19.1
2015,National,15-24 ans,Feminin,21.4
2016,National,15-24 ans,Feminin,23.3
2017,National,15-24 ans,Feminin,34.3
2018,National,15-24 ans,Feminin,34.3
2019,National,15-24 ans,Feminin,33.4
2020,National,15-24 ans,Feminin,41.2
2021,National,15-24 ans,Feminin,41.9
2022,National,15-24 ans,Feminin,44.4
2023,National,15-24 ans,Feminin,47.5
2024,National,15-24 ans,Feminin,50.2
2025,National,15-24 ans,Feminin,52.7
2014,National,15-24 ans,Masculin,20.3
2015,National,15-24 ans,Masculin,20.6
2016,National,15-24 ans,Masculin,22.2
2017,National,15-24 ans,Masculin,23.8
2018,National,15-24 ans,Masculin,22.5
2019,National,15-24 ans,Masculin,22.0
2020,National,15-24 ans,Masculin,28.0
2021,National,15-24 ans,Masculin,28.4
2022,National,15-24 ans,Masculin,28.7
2023,National,15-24 ans,Masculin,32.0
2024,National,15-24 ans,Masculin,31.9
2025,National,15-24 ans,Masculin,31.9
2014,National,15-24 ans,Total,20.0
2015,National,15-24 ans,Total,20.8
2016,National,15-24 ans,Total,22.5
2017,National,15-24 ans,Total,26.5
2018,National,15-24 ans,Total,25.6
2019,National,15-24 ans,Total,24.9
2020,National,15-24 ans,Total,31.2
2021,National,15-24 ans,Total,31.8
2022,National,15-24 ans,Total,32.7
2023,National,15-24 ans,Total,35.8
2024,National,15-24 ans,Total,36.7
2025,National,15-24 ans,Total,37.2
2014,National,25-34 ans,Feminin,17.0
2015,National,25-34 ans,Feminin,16.8
2016,National,25-34 ans,Feminin,17.6
2017,National,25-34 ans,Feminin,23.8
2018,National,25-34 ans,Feminin,23.2
2019,National,25-34 ans,Feminin,22.9
2020,National,25-34 ans,Feminin,26.2
2021,National,25-34 ans,Feminin,26.9
2022,National,25-34 ans,Feminin,28.0
2023,National,25-34 ans,Feminin,28.8
2024,National,25-34 ans,Feminin,29.6
2025,National,25-34 ans,Feminin,31.7
2014,National,25-34 ans,Masculin,12.7
2015,National,25-34 ans,Masculin,12.9
2016,National,25-34 ans,Masculin,12.1
2017,National,25-34 ans,Masculin,12.7
2018,National,25-34 ans,Masculin,12.4
2019,National,25-34 ans,Masculin,12.6
2020,National,25-34 ans,Masculin,16.2
2021,National,25-34 ans,Masculin,17.2
2022,National,25-34 ans,Masculin,16.4
2023,National,25-34 ans,Masculin,17.9
2024,National,25-34 ans,Masculin,18.2
2025,National,25-34 ans,Masculin,17.2
2014,National,25-34 ans,Total,13.9
2015,National,25-34 ans,Total,13.9
2016,National,25-34 ans,Total,13.5
2017,National,25-34 ans,Total,15.4
2018,National,25-34 ans,Total,15.0
2019,National,25-34 ans,Total,15.1
2020,National,25-34 ans,Total,18.5
2021,National,25-34 ans,Total,19.6
2022,National,25-34 ans,Total,19.2
2023,National,25-34 ans,Total,20.6
2024,National,25-34 ans,Total,21.0
2025,National,25-34 ans,Total,20.9
2014,National,35-44 ans,Feminin,7.0
2015,National,35-44 ans,Feminin,6.3
2016,National,35-44 ans,Feminin,6.5
2017,National,35-44 ans,Feminin,8.0
2018,National,35-44 ans,Feminin,7.6
2019,National,35-44 ans,Feminin,6.6
2020,National,35-44 ans,Feminin,8.9
2021,National,35-44 ans,Feminin,9.7
2022,National,35-44 ans,Feminin,9.1
2023,National,35-44 ans,Feminin,9.1
2024,National,35-44 ans,Feminin,9.8
2025,National,35-44 ans,Feminin,10.1
2014,National,35-44 ans,Masculin,5.8
2015,National,35-44 ans,Masculin,5.2
2016,National,35-44 ans,Masculin,4.2
2017,National,35-44 ans,Masculin,4.2
2018,National,35-44 ans,Masculin,3.6
2019,National,35-44 ans,Masculin,3.8
2020,National,35-44 ans,Masculin,6.3
2021,National,35-44 ans,Masculin,6.2
2022,National,35-44 ans,Masculin,5.6
2023,National,35-44 ans,Masculin,6.9
2024,National,35-44 ans,Masculin,7.0
2025,National,35-44 ans,Masculin,6.4
2014,National,35-44 ans,Total,6.1
2015,National,35-44 ans,Total,5.5
2016,National,35-44 ans,Total,4.8
2017,National,35-44 ans,Total,5.1
2018,National,35-44 ans,Total,4.5
2019,National,35-44 ans,Total,4.5
2020,National,35-44 ans,Total,6.9
2021,National,35-44 ans,Total,7.0
2022,National,35-44 ans,Total,6.4
2023,National,35-44 ans,Total,7.4
2024,National,35-44 ans,Total,7.6
2025,National,35-44 ans,Total,7.2
2014,National,45 ans et plus,Feminin,2.4
2015,National,45 ans et plus,Feminin,2.4
2016,National,45 ans et plus,Feminin,2.5
2017,National,45 ans et plus,Feminin,3.0
2018,National,45 ans et plus,Feminin,2.7
2019,National,45 ans et plus,Feminin,2.8
2020,National,45 ans et plus,Feminin,4.0
2021,National,45 ans et plus,Feminin,4.0
2022,National,45 ans et plus,Feminin,3.2
2023,National,45 ans et plus,Feminin,3.8
2024,National,45 ans et plus,Feminin,4.1
2025,National,45 ans et plus,Feminin,4.1
2014,National,45 ans et plus,Masculin,3.9
2015,National,45 ans et plus,Masculin,3.9
2016,National,45 ans et plus,Masculin,2.9
2017,National,45 ans et plus,Masculin,2.9
2018,National,45 ans et plus,Masculin,2.4
2019,National,45 ans et plus,Masculin,2.2
2020,National,45 ans et plus,Masculin,3.9
2021,National,45 ans et plus,Masculin,3.7
2022,National,45 ans et plus,Masculin,3.3
2023,National,45 ans et plus,Masculin,3.7
2024,National,45 ans et plus,Masculin,4.0
2025,National,45 ans et plus,Masculin,3.5
2014,National,45 ans et plus,Total,3.4
2015,National,45 ans et plus,Total,3.5
2016,National,45 ans et plus,Total,2.8
2017,National,45 ans et plus,Total,2.9
2018,National,45 ans et plus,Total,2.5
2019,National,45 ans et plus,Total,2.4
2020,National,45 ans et plus,Total,4.0
2021,National,45 ans et plus,Total,3.8
2022,National,45 ans et plus,Total,3.3
2023,National,45 ans et plus,Total,3.7
2024,National,45 ans et plus,Total,4.0
2025,National,45 ans et plus,Total,3.6
2014,Rural,15 ans et plus,Feminin,1.8
2015,Rural,15 ans et plus,Feminin,2.1
2016,Rural,15 ans et plus,Feminin,2.4
2017,Rural,15 ans et plus,Feminin,3.1
2018,Rural,15 ans et plus,Feminin,2.6
2019,Rural,15 ans et plus,Feminin,2.7
2020,Rural,15 ans et plus,Feminin,3.9
2021,Rural,15 ans et plus,Feminin,3.8
2022,Rural,15 ans et plus,Feminin,4.1
2023,Rural,15 ans et plus,Feminin,5.5
2024,Rural,15 ans et plus,Feminin,6.8
2025,Rural,15 ans et plus,Feminin,8.1
2014,Rural,15 ans et plus,Masculin,5.4
2015,Rural,15 ans et plus,Masculin,5.1
2016,Rural,15 ans et plus,Masculin,5.0
2017,Rural,15 ans et plus,Masculin,4.3
2018,Rural,15 ans et plus,Masculin,3.9
2019,Rural,15 ans et plus,Masculin,4.0
2020,Rural,15 ans et plus,Masculin,6.6
2021,Rural,15 ans et plus,Masculin,5.3
2022,Rural,15 ans et plus,Masculin,5.6
2023,Rural,15 ans et plus,Masculin,6.5
2024,Rural,15 ans et plus,Masculin,6.7
2025,Rural,15 ans et plus,Masculin,6.3
2014,Rural,15 ans et plus,Total,4.2
2015,Rural,15 ans et plus,Total,4.1
2016,Rural,15 ans et plus,Total,4.2
2017,Rural,15 ans et plus,Total,4.0
2018,Rural,15 ans et plus,Total,3.6
2019,Rural,15 ans et plus,Total,3.7
2020,Rural,15 ans et plus,Total,5.9
2021,Rural,15 ans et plus,Total,5.0
2022,Rural,15 ans et plus,Total,5.2
2023,Rural,15 ans et plus,Total,6.3
2024,Rural,15 ans et plus,Total,6.8
2025,Rural,15 ans et plus,Total,6.6
2014,Rural,15-24 ans,Feminin,4.3
2015,Rural,15-24 ans,Feminin,4.7
2016,Rural,15-24 ans,Feminin,6.1
2017,Rural,15-24 ans,Feminin,9.8
2018,Rural,15-24 ans,Feminin,9.3
2019,Rural,15-24 ans,Feminin,10.9
2020,Rural,15-24 ans,Feminin,15.8
2021,Rural,15-24 ans,Feminin,16.9
2022,Rural,15-24 ans,Feminin,18.9
2023,Rural,15-24 ans,Feminin,24.1
2024,Rural,15-24 ans,Feminin,28.5
2025,Rural,15-24 ans,Feminin,33.9
2014,Rural,15-24 ans,Masculin,10.7
2015,Rural,15-24 ans,Masculin,11.1
2016,Rural,15-24 ans,Masculin,11.9
2017,Rural,15-24 ans,Masculin,11.8
2018,Rural,15-24 ans,Masculin,10.9
2019,Rural,15-24 ans,Masculin,11.4
2020,Rural,15-24 ans,Masculin,16.4
2021,Rural,15-24 ans,Masculin,15.6
2022,Rural,15-24 ans,Masculin,16.0
2023,Rural,15-24 ans,Masculin,19.9
2024,Rural,15-24 ans,Masculin,19.7
2025,Rural,15-24 ans,Masculin,20.5
2014,Rural,15-24 ans,Total,8.9
2015,Rural,15-24 ans,Total,9.3
2016,Rural,15-24 ans,Total,10.3
2017,Rural,15-24 ans,Total,11.4
2018,Rural,15-24 ans,Total,10.5
2019,Rural,15-24 ans,Total,11.3
2020,Rural,15-24 ans,Total,16.3
2021,Rural,15-24 ans,Total,15.9
2022,Rural,15-24 ans,Total,16.5
2023,Rural,15-24 ans,Total,20.6
2024,Rural,15-24 ans,Total,21.3
2025,Rural,15-24 ans,Total,22.7
2014,Rural,25-34 ans,Feminin,2.1
2015,Rural,25-34 ans,Feminin,3.1
2016,Rural,25-34 ans,Feminin,3.4
2017,Rural,25-34 ans,Feminin,5.1
2018,Rural,25-34 ans,Feminin,3.9
2019,Rural,25-34 ans,Feminin,4.5
2020,Rural,25-34 ans,Feminin,7.0
2021,Rural,25-34 ans,Feminin,5.5
2022,Rural,25-34 ans,Feminin,7.2
2023,Rural,25-34 ans,Feminin,9.5
2024,Rural,25-34 ans,Feminin,12.8
2025,Rural,25-34 ans,Feminin,16.1
2014,Rural,25-34 ans,Masculin,5.4
2015,Rural,25-34 ans,Masculin,5.2
2016,Rural,25-34 ans,Masculin,5.6
2017,Rural,25-34 ans,Masculin,5.0
2018,Rural,25-34 ans,Masculin,4.7
2019,Rural,25-34 ans,Masculin,5.3
2020,Rural,25-34 ans,Masculin,8.2
2021,Rural,25-34 ans,Masculin,7.2
2022,Rural,25-34 ans,Masculin,7.5
2023,Rural,25-34 ans,Masculin,8.2
2024,Rural,25-34 ans,Masculin,8.4
2025,Rural,25-34 ans,Masculin,7.6
2014,Rural,25-34 ans,Total,4.4
2015,Rural,25-34 ans,Total,4.6
2016,Rural,25-34 ans,Total,5.0
2017,Rural,25-34 ans,Total,5.0
2018,Rural,25-34 ans,Total,4.5
2019,Rural,25-34 ans,Total,5.1
2020,Rural,25-34 ans,Total,8.0
2021,Rural,25-34 ans,Total,6.9
2022,Rural,25-34 ans,Total,7.5
2023,Rural,25-34 ans,Total,8.4
2024,Rural,25-34 ans,Total,9.1
2025,Rural,25-34 ans,Total,9.0
2014,Rural,35-44 ans,Feminin,1.2
2015,Rural,35-44 ans,Feminin,1.2
2016,Rural,35-44 ans,Feminin,1.4
2017,Rural,35-44 ans,Feminin,1.4
2018,Rural,35-44 ans,Feminin,1.4
2019,Rural,35-44 ans,Feminin,1.0
2020,Rural,35-44 ans,Feminin,1.9
2021,Rural,35-44 ans,Feminin,1.8
2022,Rural,35-44 ans,Feminin,1.1
2023,Rural,35-44 ans,Feminin,2.1
2024,Rural,35-44 ans,Feminin,1.9
2025,Rural,35-44 ans,Feminin,2.0
2014,Rural,35-44 ans,Masculin,3.5
2015,Rural,35-44 ans,Masculin,3.0
2016,Rural,35-44 ans,Masculin,2.3
2017,Rural,35-44 ans,Masculin,2.1
2018,Rural,35-44 ans,Masculin,1.7
2019,Rural,35-44 ans,Masculin,1.9
2020,Rural,35-44 ans,Masculin,4.3
2021,Rural,35-44 ans,Masculin,2.6
2022,Rural,35-44 ans,Masculin,3.0
2023,Rural,35-44 ans,Masculin,3.4
2024,Rural,35-44 ans,Masculin,3.9
2025,Rural,35-44 ans,Masculin,3.2
2014,Rural,35-44 ans,Total,2.7
2015,Rural,35-44 ans,Total,2.3
2016,Rural,35-44 ans,Total,2.0
2017,Rural,35-44 ans,Total,1.9
2018,Rural,35-44 ans,Total,1.6
2019,Rural,35-44 ans,Total,1.7
2020,Rural,35-44 ans,Total,3.7
2021,Rural,35-44 ans,Total,2.4
2022,Rural,35-44 ans,Total,2.5
2023,Rural,35-44 ans,Total,3.1
2024,Rural,35-44 ans,Total,3.5
2025,Rural,35-44 ans,Total,3.0
2014,Rural,45 ans et plus,Feminin,0.5
2015,Rural,45 ans et plus,Feminin,0.6
2016,Rural,45 ans et plus,Feminin,0.7
2017,Rural,45 ans et plus,Feminin,0.8
2018,Rural,45 ans et plus,Feminin,0.6
2019,Rural,45 ans et plus,Feminin,0.4
2020,Rural,45 ans et plus,Feminin,0.6
2021,Rural,45 ans et plus,Feminin,0.8
2022,Rural,45 ans et plus,Feminin,0.7
2023,Rural,45 ans et plus,Feminin,0.8
2024,Rural,45 ans et plus,Feminin,1.1
2025,Rural,45 ans et plus,Feminin,1.0
2014,Rural,45 ans et plus,Masculin,2.9
2015,Rural,45 ans et plus,Masculin,2.3
2016,Rural,45 ans et plus,Masculin,1.4
2017,Rural,45 ans et plus,Masculin,1.5
2018,Rural,45 ans et plus,Masculin,1.2
2019,Rural,45 ans et plus,Masculin,1.1
2020,Rural,45 ans et plus,Masculin,2.6
2021,Rural,45 ans et plus,Masculin,1.5
2022,Rural,45 ans et plus,Masculin,1.8
2023,Rural,45 ans et plus,Masculin,2.3
2024,Rural,45 ans et plus,Masculin,2.6
2025,Rural,45 ans et plus,Masculin,2.2
2014,Rural,45 ans et plus,Total,1.9
2015,Rural,45 ans et plus,Total,1.6
2016,Rural,45 ans et plus,Total,1.1
2017,Rural,45 ans et plus,Total,1.3
2018,Rural,45 ans et plus,Total,1.0
2019,Rural,45 ans et plus,Total,0.9
2020,Rural,45 ans et plus,Total,2.1
2021,Rural,45 ans et plus,Total,1.3
2022,Rural,45 ans et plus,Total,1.5
2023,Rural,45 ans et plus,Total,1.9
2024,Rural,45 ans et plus,Total,2.3
2025,Rural,45 ans et plus,Total,1.9
2014,Urbain,15 ans et plus,Feminin,21.9
2015,Urbain,15 ans et plus,Feminin,21.7
2016,Urbain,15 ans et plus,Feminin,22.1
2017,Urbain,15 ans et plus,Feminin,25.0
2018,Urbain,15 ans et plus,Feminin,23.9
2019,Urbain,15 ans et plus,Feminin,21.8
2020,Urbain,15 ans et plus,Feminin,24.7
2021,Urbain,15 ans et plus,Feminin,25.6
2022,Urbain,15 ans et plus,Feminin,25.2
2023,Urbain,15 ans et plus,Feminin,25.0
2024,Urbain,15 ans et plus,Feminin,25.3
2025,Urbain,15 ans et plus,Feminin,26.0
2014,Urbain,15 ans et plus,Masculin,12.8
2015,Urbain,15 ans et plus,Masculin,12.6
2016,Urbain,15 ans et plus,Masculin,11.7
2017,Urbain,15 ans et plus,Masculin,11.8
2018,Urbain,15 ans et plus,Masculin,10.9
2019,Urbain,15 ans et plus,Masculin,10.3
2020,Urbain,15 ans et plus,Masculin,13.3
2021,Urbain,15 ans et plus,Masculin,14.4
2022,Urbain,15 ans et plus,Masculin,13.1
2023,Urbain,15 ans et plus,Masculin,14.4
2024,Urbain,15 ans et plus,Masculin,14.3
2025,Urbain,15 ans et plus,Masculin,13.4
2014,Urbain,15 ans et plus,Total,14.8
2015,Urbain,15 ans et plus,Total,14.6
2016,Urbain,15 ans et plus,Total,13.9
2017,Urbain,15 ans et plus,Total,14.7
2018,Urbain,15 ans et plus,Total,13.8
2019,Urbain,15 ans et plus,Total,12.9
2020,Urbain,15 ans et plus,Total,15.8
2021,Urbain,15 ans et plus,Total,16.9
2022,Urbain,15 ans et plus,Total,15.8
2023,Urbain,15 ans et plus,Total,16.8
2024,Urbain,15 ans et plus,Total,16.9
2025,Urbain,15 ans et plus,Total,16.4
2014,Urbain,15-24 ans,Feminin,46.8
2015,Urbain,15-24 ans,Feminin,49.9
2016,Urbain,15-24 ans,Feminin,51.2
2017,Urbain,15-24 ans,Feminin,54.7
2018,Urbain,15-24 ans,Feminin,54.6
2019,Urbain,15-24 ans,Feminin,50.9
2020,Urbain,15-24 ans,Feminin,56.7
2021,Urbain,15-24 ans,Feminin,57.3
2022,Urbain,15-24 ans,Feminin,58.5
2023,Urbain,15-24 ans,Feminin,58.5
2024,Urbain,15-24 ans,Feminin,59.4
2025,Urbain,15-24 ans,Feminin,60.2
2014,Urbain,15-24 ans,Masculin,35.2
2015,Urbain,15-24 ans,Masculin,35.0
2016,Urbain,15-24 ans,Masculin,37.5
2017,Urbain,15-24 ans,Masculin,37.9
2018,Urbain,15-24 ans,Masculin,36.5
2019,Urbain,15-24 ans,Masculin,34.2
2020,Urbain,15-24 ans,Masculin,40.7
2021,Urbain,15-24 ans,Masculin,42.2
2022,Urbain,15-24 ans,Masculin,41.6
2023,Urbain,15-24 ans,Masculin,43.8
2024,Urbain,15-24 ans,Masculin,43.2
2025,Urbain,15-24 ans,Masculin,42.3
2014,Urbain,15-24 ans,Total,38.1
2015,Urbain,15-24 ans,Total,39.0
2016,Urbain,15-24 ans,Total,41.0
2017,Urbain,15-24 ans,Total,42.8
2018,Urbain,15-24 ans,Total,41.9
2019,Urbain,15-24 ans,Total,39.2
2020,Urbain,15-24 ans,Total,45.3
2021,Urbain,15-24 ans,Total,46.7
2022,Urbain,15-24 ans,Total,46.7
2023,Urbain,15-24 ans,Total,48.3
2024,Urbain,15-24 ans,Total,48.4
2025,Urbain,15-24 ans,Total,48.0
2014,Urbain,25-34 ans,Feminin,30.8
2015,Urbain,25-34 ans,Feminin,29.4
2016,Urbain,25-34 ans,Feminin,30.7
2017,Urbain,25-34 ans,Feminin,33.8
2018,Urbain,25-34 ans,Feminin,32.7
2019,Urbain,25-34 ans,Feminin,30.7
2020,Urbain,25-34 ans,Feminin,33.3
2021,Urbain,25-34 ans,Feminin,34.5
2022,Urbain,25-34 ans,Feminin,34.6
2023,Urbain,25-34 ans,Feminin,34.0
2024,Urbain,25-34 ans,Feminin,33.6
2025,Urbain,25-34 ans,Feminin,35.3
2014,Urbain,25-34 ans,Masculin,17.8
2015,Urbain,25-34 ans,Masculin,18.4
2016,Urbain,25-34 ans,Masculin,16.8
2017,Urbain,25-34 ans,Masculin,17.4
2018,Urbain,25-34 ans,Masculin,17.0
2019,Urbain,25-34 ans,Masculin,16.8
2020,Urbain,25-34 ans,Masculin,20.6
2021,Urbain,25-34 ans,Masculin,22.8
2022,Urbain,25-34 ans,Masculin,21.1
2023,Urbain,25-34 ans,Masculin,23.1
2024,Urbain,25-34 ans,Masculin,23.2
2025,Urbain,25-34 ans,Masculin,22.1
2014,Urbain,25-34 ans,Total,20.9
2015,Urbain,25-34 ans,Total,21.1
2016,Urbain,25-34 ans,Total,20.1
2017,Urbain,25-34 ans,Total,21.6
2018,Urbain,25-34 ans,Total,20.9
2019,Urbain,25-34 ans,Total,20.4
2020,Urbain,25-34 ans,Total,23.9
2021,Urbain,25-34 ans,Total,25.9
2022,Urbain,25-34 ans,Total,24.8
2023,Urbain,25-34 ans,Total,26.1
2024,Urbain,25-34 ans,Total,26.2
2025,Urbain,25-34 ans,Total,26.0
2014,Urbain,35-44 ans,Feminin,13.5
2015,Urbain,35-44 ans,Feminin,12.4
2016,Urbain,35-44 ans,Feminin,12.2
2017,Urbain,35-44 ans,Feminin,13.3
2018,Urbain,35-44 ans,Feminin,12.5
2019,Urbain,35-44 ans,Feminin,10.7
2020,Urbain,35-44 ans,Feminin,13.5
2021,Urbain,35-44 ans,Feminin,14.8
2022,Urbain,35-44 ans,Feminin,13.9
2023,Urbain,35-44 ans,Feminin,12.5
2024,Urbain,35-44 ans,Feminin,13.2
2025,Urbain,35-44 ans,Feminin,13.1
2014,Urbain,35-44 ans,Masculin,7.0
2015,Urbain,35-44 ans,Masculin,6.3
2016,Urbain,35-44 ans,Masculin,5.3
2017,Urbain,35-44 ans,Masculin,5.3
2018,Urbain,35-44 ans,Masculin,4.6
2019,Urbain,35-44 ans,Masculin,4.9
2020,Urbain,35-44 ans,Masculin,7.4
2021,Urbain,35-44 ans,Masculin,8.1
2022,Urbain,35-44 ans,Masculin,7.0
2023,Urbain,35-44 ans,Masculin,8.7
2024,Urbain,35-44 ans,Masculin,8.5
2025,Urbain,35-44 ans,Masculin,7.9
2014,Urbain,35-44 ans,Total,8.4
2015,Urbain,35-44 ans,Total,7.6
2016,Urbain,35-44 ans,Total,6.7
2017,Urbain,35-44 ans,Total,7.0
2018,Urbain,35-44 ans,Total,6.2
2019,Urbain,35-44 ans,Total,6.1
2020,Urbain,35-44 ans,Total,8.7
2021,Urbain,35-44 ans,Total,9.5
2022,Urbain,35-44 ans,Total,8.4
2023,Urbain,35-44 ans,Total,9.5
2024,Urbain,35-44 ans,Total,9.5
2025,Urbain,35-44 ans,Total,9.0
2014,Urbain,45 ans et plus,Feminin,5.2
2015,Urbain,45 ans et plus,Feminin,5.0
2016,Urbain,45 ans et plus,Feminin,5.2
2017,Urbain,45 ans et plus,Feminin,5.8
2018,Urbain,45 ans et plus,Feminin,5.2
2019,Urbain,45 ans et plus,Feminin,5.2
2020,Urbain,45 ans et plus,Feminin,8.1
2021,Urbain,45 ans et plus,Feminin,7.9
2022,Urbain,45 ans et plus,Feminin,6.1
2023,Urbain,45 ans et plus,Feminin,6.5
2024,Urbain,45 ans et plus,Feminin,6.6
2025,Urbain,45 ans et plus,Feminin,6.7
2014,Urbain,45 ans et plus,Masculin,4.4
2015,Urbain,45 ans et plus,Masculin,4.8
2016,Urbain,45 ans et plus,Masculin,3.6
2017,Urbain,45 ans et plus,Masculin,3.6
2018,Urbain,45 ans et plus,Masculin,3.0
2019,Urbain,45 ans et plus,Masculin,2.8
2020,Urbain,45 ans et plus,Masculin,4.8
2021,Urbain,45 ans et plus,Masculin,5.2
2022,Urbain,45 ans et plus,Masculin,4.3
2023,Urbain,45 ans et plus,Masculin,4.7
2024,Urbain,45 ans et plus,Masculin,4.8
2025,Urbain,45 ans et plus,Masculin,4.3
2014,Urbain,45 ans et plus,Total,4.5
2015,Urbain,45 ans et plus,Total,4.8
2016,Urbain,45 ans et plus,Total,3.9
2017,Urbain,45 ans et plus,Total,4.0
2018,Urbain,45 ans et plus,Total,3.4
2019,Urbain,45 ans et plus,Total,3.3
2020,Urbain,45 ans et plus,Total,5.4
2021,Urbain,45 ans et plus,Total,5.7
2022,Urbain,45 ans et plus,Total,4.6
2023,Urbain,45 ans et plus,Total,5.0
2024,Urbain,45 ans et plus,Total,5.1
2025,Urbain,45 ans et plus,Total,4.7
